{"psnr": [12.681087255477905, 13.245116472244263, 13.750660419464111, 14.195059537887573, 14.568740129470825, 14.88378643989563, 15.140223503112793, 15.341743230819702, 15.503106117248535, 15.642883777618408, 15.764468908309937, 15.866535902023315, 15.947333574295044, 16.009072065353394, 16.057451963424683, 16.09971523284912, 16.142914295196533, 16.190093755722046, 16.239651441574097, 16.289316415786743, 16.338796615600586, 16.39033555984497, 16.446635723114014, 16.5075945854187, 16.572002172470093, 16.64179563522339, 16.716840267181396, 16.796154975891113, 16.88436508178711, 16.979960203170776, 17.079591751098633, 17.184388637542725, 17.287168502807617, 17.392287254333496, 17.499406337738037, 17.613372802734375, 17.732747793197632, 17.857588529586792, 17.988269329071045, 18.125276565551758, 18.266162872314453, 18.408092260360718, 18.54677677154541, 18.683922290802002, 18.81651759147644, 18.945451974868774, 19.076324701309204, 19.208903312683105, 19.33877944946289, 19.465991258621216], "loss": [0.053937554359436035, 0.0473683662712574, 0.042163241654634476, 0.038062211126089096, 0.034924156963825226, 0.03248040750622749, 0.030618058517575264, 0.029229793697595596, 0.028163684532046318, 0.027271661907434464, 0.026518750935792923, 0.025902781635522842, 0.02542533166706562, 0.025066444650292397, 0.024788765236735344, 0.02454870007932186, 0.024305731058120728, 0.024043112993240356, 0.02377030998468399, 0.023500028997659683, 0.0232338048517704, 0.022959711030125618, 0.022663995623588562, 0.022348100319504738, 0.02201911434531212, 0.0216680858284235, 0.021296879276633263, 0.02091146633028984, 0.020491020753979683, 0.020044904202222824, 0.019590284675359726, 0.019123224541544914, 0.018675971776247025, 0.018229356035590172, 0.01778523065149784, 0.017324578016996384, 0.016854865476489067, 0.016377253457903862, 0.015891801565885544, 0.015398283489048481, 0.014906776137650013, 0.014427493326365948, 0.013974049128592014, 0.013539658859372139, 0.013132531195878983, 0.012748372741043568, 0.012369939126074314, 0.011998024769127369, 0.011644531972706318, 0.011308391578495502]}