{"psnr": [9.251804947853088, 9.6656996011734, 10.027687549591064, 10.373634099960327, 10.680403709411621, 10.90644121170044, 11.086740493774414, 11.250302791595459, 11.40487551689148, 11.562128067016602, 11.711543798446655, 11.832605600357056, 11.933077573776245, 12.03228235244751, 12.130893468856812, 12.222950458526611, 12.308142185211182, 12.389333248138428, 12.46966004371643, 12.553315162658691, 12.640936374664307, 12.729313373565674, 12.815519571304321, 12.900390625, 12.989413738250732, 13.079684972763062, 13.17197322845459, 13.266298770904541, 13.355755805969238, 13.443615436553955, 13.530666828155518, 13.617851734161377, 13.707606792449951, 13.794714212417603, 13.881758451461792, 13.972070217132568, 14.06459093093872, 14.160385131835938, 14.252910614013672, 14.343829154968262, 14.433691501617432, 14.525710344314575, 14.618425369262695, 14.710174798965454, 14.80236530303955, 14.89514946937561, 14.989690780639648, 15.084341764450073, 15.179095268249512, 15.273154973983765], "loss": [0.1188008263707161, 0.10800156742334366, 0.0993644967675209, 0.0917564257979393, 0.08549872040748596, 0.08116257190704346, 0.07786205410957336, 0.07498418539762497, 0.07236230373382568, 0.06978901475667953, 0.0674288272857666, 0.06557516008615494, 0.0640755370259285, 0.06262844055891037, 0.06122244894504547, 0.05993836373090744, 0.05877407267689705, 0.057685501873493195, 0.05662834644317627, 0.05554800480604172, 0.0544385202229023, 0.05334191396832466, 0.052293531596660614, 0.05128152668476105, 0.05024103447794914, 0.04920751601457596, 0.04817287251353264, 0.04713788256049156, 0.04617685824632645, 0.045252058655023575, 0.044354040175676346, 0.043472521007061005, 0.04258330166339874, 0.041737694293260574, 0.04090949520468712, 0.04006756842136383, 0.03922300413250923, 0.038367319852113724, 0.037558555603027344, 0.036780450493097305, 0.03602723404765129, 0.03527190908789635, 0.03452689200639725, 0.03380511701107025, 0.03309508040547371, 0.03239551559090614, 0.03169792890548706, 0.03101457469165325, 0.030345231294631958, 0.02969507686793804]}