{"psnr": [2.8416413068771362, 3.206186294555664, 3.4649839997291565, 3.6776143312454224, 3.8621488213539124, 4.023258090019226, 4.165963530540466, 4.298340082168579, 4.431643784046173, 4.565830230712891, 4.693846702575684, 4.811505675315857, 4.91900771856308, 5.019795298576355, 5.1129597425460815, 5.197538733482361, 5.277250409126282, 5.357978940010071, 5.443087220191956, 5.53189218044281, 5.622256398200989, 5.716630220413208, 5.8161503076553345, 5.914022922515869, 6.006886959075928, 6.101527214050293, 6.19981050491333, 6.297009587287903, 6.3936299085617065, 6.493474841117859, 6.595028638839722, 6.693703532218933, 6.790594458580017, 6.888846755027771, 6.986200213432312, 7.08131730556488, 7.177591919898987, 7.275973558425903, 7.3750996589660645, 7.474005818367004, 7.571984529495239, 7.669280767440796, 7.765669226646423, 7.861031889915466, 7.956240773200989, 8.051716685295105, 8.147556185722351, 8.243547081947327, 8.339083790779114, 8.433758616447449], "loss": [0.5197994709014893, 0.47794878482818604, 0.45029959082603455, 0.42878395318984985, 0.4109463095664978, 0.3959808349609375, 0.3831806778907776, 0.3716772496700287, 0.360442191362381, 0.3494756519794464, 0.3393245339393616, 0.3302549719810486, 0.32218047976493835, 0.31478965282440186, 0.30810871720314026, 0.3021663725376129, 0.2966708838939667, 0.2912072241306305, 0.28555598855018616, 0.2797761559486389, 0.27401497960090637, 0.2681247293949127, 0.26205047965049744, 0.25621095299720764, 0.2507905960083008, 0.2453845590353012, 0.23989373445510864, 0.23458433151245117, 0.22942304611206055, 0.22420872747898102, 0.21902674436569214, 0.21410639584064484, 0.209382563829422, 0.20469878613948822, 0.20016120374202728, 0.1958250254392624, 0.1915317326784134, 0.18724171817302704, 0.18301640450954437, 0.1788954734802246, 0.1749047189950943, 0.17102983593940735, 0.16727577149868011, 0.1636427491903305, 0.16009432077407837, 0.15661317110061646, 0.15319490432739258, 0.14984603226184845, 0.14658568799495697, 0.14342474937438965]}