{"psnr": [6.850826144218445, 7.312378287315369, 7.686872482299805, 7.966231107711792, 8.196035027503967, 8.373098373413086, 8.504253625869751, 8.621724247932434, 8.731191158294678, 8.828855156898499, 8.913277387619019, 8.983908891677856, 9.045161008834839, 9.104946255683899, 9.165506958961487, 9.226619005203247, 9.288164377212524, 9.348546862602234, 9.406694173812866, 9.464122653007507, 9.521212577819824, 9.575304985046387, 9.624606370925903, 9.67081904411316, 9.71481442451477, 9.756332635879517, 9.795888662338257, 9.833027720451355, 9.866881370544434, 9.897826313972473, 9.926537871360779, 9.953091740608215, 9.977717995643616, 10.000896453857422, 10.022691488265991, 10.0430428981781, 10.062514543533325, 10.082241296768188, 10.103764533996582, 10.129780769348145, 10.163421630859375, 10.20429253578186, 10.254696607589722, 10.316317081451416, 10.37765383720398, 10.44460654258728, 10.5115807056427, 10.582925081253052, 10.660412311553955, 10.742937326431274], "loss": [0.20649872720241547, 0.18567872047424316, 0.1703384667634964, 0.15972645580768585, 0.1514943391084671, 0.14544211328029633, 0.1411154568195343, 0.13734965026378632, 0.13393090665340424, 0.13095273077487946, 0.12843169271945953, 0.12635985016822815, 0.1245901957154274, 0.12288680672645569, 0.12118509411811829, 0.1194918155670166, 0.11781039834022522, 0.11618370562791824, 0.11463852971792221, 0.11313258111476898, 0.11165513098239899, 0.1102730929851532, 0.10902834683656693, 0.1078743264079094, 0.10678701847791672, 0.1057710275053978, 0.10481203347444534, 0.10391954332590103, 0.10311263054609299, 0.10238052904605865, 0.10170590877532959, 0.10108595341444016, 0.10051438957452774, 0.09997936338186264, 0.09947888553142548, 0.0990138053894043, 0.09857083857059479, 0.09812413901090622, 0.0976390391588211, 0.09705591201782227, 0.09630698710680008, 0.09540493041276932, 0.09430404752492905, 0.09297545999288559, 0.09167156368494034, 0.09026915580034256, 0.08888775110244751, 0.08743945509195328, 0.0858931839466095, 0.0842764675617218]}