{"psnr": [3.3841973543167114, 3.600287139415741, 3.768971264362335, 3.9199215173721313, 4.05910462141037, 4.177728891372681, 4.281434118747711, 4.373839795589447, 4.45457398891449, 4.529323875904083, 4.603582322597504, 4.682409465312958, 4.764968156814575, 4.84389066696167, 4.918190538883209, 4.993761777877808, 5.06717324256897, 5.13754665851593, 5.207542777061462, 5.274731516838074, 5.336849689483643, 5.396801829338074, 5.4573023319244385, 5.518816709518433, 5.582152009010315, 5.646739602088928, 5.713089108467102, 5.780542492866516, 5.846766233444214, 5.91124951839447, 5.974014401435852, 6.035846471786499, 6.097109913825989, 6.156661510467529, 6.215375065803528, 6.274005174636841, 6.332371234893799, 6.390172243118286, 6.448090076446533, 6.506688594818115, 6.564844250679016, 6.623091697692871, 6.681642532348633, 6.7418330907821655, 6.80540919303894, 6.874648332595825, 6.953363418579102, 7.041743993759155, 7.12856650352478, 7.202073335647583], "loss": [0.45875445008277893, 0.43648698925971985, 0.4198583960533142, 0.4055158495903015, 0.3927258849143982, 0.3821440637111664, 0.37312689423561096, 0.3652716875076294, 0.35854408144950867, 0.3524257242679596, 0.34645095467567444, 0.3402193486690521, 0.33381298184394836, 0.32780149579048157, 0.32224106788635254, 0.3166823089122772, 0.3113741874694824, 0.3063693344593048, 0.301471084356308, 0.2968429923057556, 0.2926274538040161, 0.2886156141757965, 0.28462284803390503, 0.2806198298931122, 0.2765571177005768, 0.27247458696365356, 0.2683435082435608, 0.2642078995704651, 0.2602095901966095, 0.25637462735176086, 0.25269609689712524, 0.24912387132644653, 0.2456342875957489, 0.24228903651237488, 0.23903556168079376, 0.23583023250102997, 0.23268204927444458, 0.2296057790517807, 0.22656399011611938, 0.22352759540081024, 0.22055430710315704, 0.2176159769296646, 0.2147018164396286, 0.2117466926574707, 0.20866955816745758, 0.20536909997463226, 0.20168037712574005, 0.1976175755262375, 0.19370612502098083, 0.1904550939798355]}