{"psnr": [8.677393198013306, 9.32490348815918, 9.839155077934265, 10.288944244384766, 10.723587274551392, 11.130335330963135, 11.508108377456665, 11.881526708602905, 12.240511178970337, 12.55229115486145, 12.806968688964844, 13.0332350730896, 13.262622356414795, 13.497897386550903, 13.726763725280762, 13.944563865661621, 14.158289432525635, 14.37402606010437, 14.591035842895508, 14.806569814682007, 15.016200542449951, 15.217676162719727, 15.414652824401855, 15.610666275024414, 15.805400609970093, 15.999593734741211, 16.19706630706787, 16.399236917495728, 16.60246968269348, 16.802433729171753, 16.99666738510132, 17.183785438537598, 17.36425757408142, 17.539833784103394, 17.71062731742859, 17.874772548675537, 18.03068518638611, 18.177831172943115, 18.315876722335815, 18.44448447227478, 18.56390357017517, 18.675042390823364, 18.778855800628662, 18.87580394744873, 18.965911865234375, 19.049155712127686, 19.12570357322693, 19.195902347564697, 19.26007866859436, 19.318429231643677], "loss": [0.13560031354427338, 0.11681796610355377, 0.10377303510904312, 0.09356331080198288, 0.08465278148651123, 0.07708440721035004, 0.07066252827644348, 0.06484062224626541, 0.0596965029835701, 0.055561091750860214, 0.052396610379219055, 0.049736637622117996, 0.04717780649662018, 0.044690001755952835, 0.04239587113261223, 0.04032214358448982, 0.03838583827018738, 0.03652559965848923, 0.03474532440304756, 0.033063046634197235, 0.03150502219796181, 0.030076852068305016, 0.02874317206442356, 0.027474727481603622, 0.026269985362887383, 0.025121217593550682, 0.02400454320013523, 0.022912705317139626, 0.021865176036953926, 0.020881259813904762, 0.0199679434299469, 0.019125880673527718, 0.01834738999605179, 0.01762043498456478, 0.016940930858254433, 0.01631258614361286, 0.015737345442175865, 0.015213065780699253, 0.014737109653651714, 0.014307101257145405, 0.013919053599238396, 0.013567367568612099, 0.01324690505862236, 0.012954470701515675, 0.012688453309237957, 0.012447569519281387, 0.012230092659592628, 0.012033996172249317, 0.011857475154101849, 0.011699221096932888]}