{"psnr": [3.085586130619049, 3.31074982881546, 3.515739142894745, 3.708905279636383, 3.8992494344711304, 4.0712666511535645, 4.214819371700287, 4.351126551628113, 4.466781914234161, 4.574386179447174, 4.685099422931671, 4.7851672768592834, 4.874782562255859, 4.960243999958038, 5.037434697151184, 5.108669400215149, 5.182729363441467, 5.258855819702148, 5.332236289978027, 5.406637787818909, 5.485921502113342, 5.565112829208374, 5.641322731971741, 5.719080567359924, 5.799044370651245, 5.876685380935669, 5.952855944633484, 6.031220555305481, 6.109467148780823, 6.184861660003662, 6.258740425109863, 6.332608461380005, 6.406224966049194, 6.479453444480896, 6.552300453186035, 6.624807119369507, 6.697400212287903, 6.769959926605225, 6.842425465583801, 6.9139111042022705, 6.98403000831604, 7.053202390670776, 7.121475338935852, 7.188807129859924, 7.255191206932068, 7.3208242654800415, 7.385477423667908, 7.449666857719421, 7.513335347175598, 7.5763022899627686], "loss": [0.4914070665836334, 0.4665786921977997, 0.4450676143169403, 0.4257056415081024, 0.4074506163597107, 0.39162760972976685, 0.37889423966407776, 0.3671869933605194, 0.3575376570224762, 0.3487878441810608, 0.3400086760520935, 0.3322639465332031, 0.3254780173301697, 0.3191358149051666, 0.31351369619369507, 0.30841320753097534, 0.30319851636886597, 0.2979300916194916, 0.29293838143348694, 0.2879626452922821, 0.2827533781528473, 0.2776442766189575, 0.27281466126441956, 0.26797357201576233, 0.26308467984199524, 0.2584231495857239, 0.2539302408695221, 0.2493893802165985, 0.24493633210659027, 0.24072091281414032, 0.23666055500507355, 0.23266932368278503, 0.22875863313674927, 0.22493372857570648, 0.22119225561618805, 0.2175300419330597, 0.21392422914505005, 0.21037976443767548, 0.2068985253572464, 0.20352083444595337, 0.20026126503944397, 0.19709688425064087, 0.19402261078357697, 0.19103777408599854, 0.1881398856639862, 0.18531794846057892, 0.18257959187030792, 0.1799008548259735, 0.17728272080421448, 0.17473089694976807]}