{"psnr": [1.312011033296585, 1.6034787893295288, 1.8478953838348389, 2.0673850178718567, 2.273373603820801, 2.460872381925583, 2.620510756969452, 2.760896384716034, 2.893110513687134, 3.0159741640090942, 3.1259876489639282, 3.2244113087654114, 3.314499258995056, 3.401012420654297, 3.487332761287689, 3.569752275943756, 3.646800220012665, 3.722725510597229, 3.8012292981147766, 3.883688449859619, 3.9674437046051025, 4.052166044712067, 4.138446152210236, 4.222494959831238, 4.300980269908905, 4.37854528427124, 4.4587442278862, 4.541161954402924, 4.626302123069763, 4.71034973859787, 4.7953861951828, 4.885191917419434, 4.977119565010071, 5.066725015640259, 5.154378414154053, 5.245372653007507, 5.336686968803406, 5.425723195075989, 5.515105724334717, 5.605900883674622, 5.69689154624939, 5.787956714630127, 5.881497859954834, 5.975143313407898, 6.067609786987305, 6.160694360733032, 6.254739761352539, 6.348001956939697, 6.442348957061768, 6.53792679309845], "loss": [0.7392628192901611, 0.6912769675254822, 0.6534470319747925, 0.6212429404258728, 0.5924648642539978, 0.5674306154251099, 0.5469515919685364, 0.5295540690422058, 0.5136755704879761, 0.49934715032577515, 0.4868566691875458, 0.4759472906589508, 0.4661760926246643, 0.4569816589355469, 0.4479883015155792, 0.43956661224365234, 0.4318370819091797, 0.42435312271118164, 0.41675135493278503, 0.40891316533088684, 0.4011026918888092, 0.39335381984710693, 0.3856162130832672, 0.3782252371311188, 0.37145131826400757, 0.3648760914802551, 0.35819995403289795, 0.3514663279056549, 0.344643235206604, 0.33803752064704895, 0.33148303627967834, 0.32469886541366577, 0.31789812445640564, 0.31140631437301636, 0.3051842451095581, 0.2988564670085907, 0.2926383316516876, 0.28669992089271545, 0.2808596193790436, 0.2750488221645355, 0.26934614777565, 0.2637571692466736, 0.25813695788383484, 0.2526303827762604, 0.24730844795703888, 0.24206416308879852, 0.23687869310379028, 0.23184609413146973, 0.22686369717121124, 0.2219255268573761]}