{"psnr": [1.3912741839885712, 1.616014540195465, 1.7936879396438599, 1.9536855816841125, 2.1026358008384705, 2.240828275680542, 2.3634353280067444, 2.4600043892860413, 2.53985732793808, 2.6168641448020935, 2.6956936717033386, 2.772848606109619, 2.8487345576286316, 2.9314666986465454, 3.0169734358787537, 3.0923545360565186, 3.1579017639160156, 3.222827911376953, 3.2902494072914124, 3.360644280910492, 3.4356412291526794, 3.5130757093429565, 3.590916395187378, 3.6704713106155396, 3.7503445148468018, 3.8308271765708923, 3.9135488867759705, 3.9953306317329407, 4.077045917510986, 4.15976345539093, 4.242880642414093, 4.326606094837189, 4.408386647701263, 4.489648342132568, 4.572146534919739, 4.654605388641357, 4.737820327281952, 4.821507036685944, 4.906376898288727, 4.992331266403198, 5.077602863311768, 5.162841081619263, 5.247841477394104, 5.332602262496948, 5.417466163635254, 5.502681732177734, 5.5881571769714355, 5.674362778663635, 5.761128067970276, 5.847240686416626], "loss": [0.7258929014205933, 0.6892845630645752, 0.6616542935371399, 0.6377220153808594, 0.6162208318710327, 0.5969213843345642, 0.5803051590919495, 0.5675440430641174, 0.5572039484977722, 0.5474110841751099, 0.5375645160675049, 0.5280987024307251, 0.5189512372016907, 0.5091589093208313, 0.49923229217529297, 0.4906417429447174, 0.48329225182533264, 0.4761207401752472, 0.468786358833313, 0.46124908328056335, 0.45335230231285095, 0.445340633392334, 0.4374297559261322, 0.42948976159095764, 0.4216630160808563, 0.4139207601547241, 0.4061112403869629, 0.3985353708267212, 0.3911067843437195, 0.38372814655303955, 0.3764539659023285, 0.36926600337028503, 0.3623775541782379, 0.3556600511074066, 0.3489677906036377, 0.34240448474884033, 0.33590614795684814, 0.32949528098106384, 0.32311883568763733, 0.31678661704063416, 0.3106273114681244, 0.3045901358127594, 0.2986866533756256, 0.2929137051105499, 0.2872455418109894, 0.28166428208351135, 0.2761748731136322, 0.27074697613716125, 0.2653915584087372, 0.26018115878105164]}