{"psnr": [7.2539520263671875, 7.664555907249451, 7.8761595487594604, 8.04016649723053, 8.226889371871948, 8.416542410850525, 8.574614524841309, 8.693151473999023, 8.797319531440735, 8.901816010475159, 8.995956182479858, 9.07443642616272, 9.14411187171936, 9.211528301239014, 9.279062747955322, 9.345957040786743, 9.410707354545593, 9.473349452018738, 9.533352851867676, 9.588168263435364, 9.638909697532654, 9.68939483165741, 9.73975121974945, 9.78802740573883, 9.833321571350098, 9.87553358078003, 9.915105700492859, 9.953115582466125, 9.989973306655884, 10.025088787078857, 10.058363676071167, 10.090835094451904, 10.123405456542969, 10.155988931655884, 10.188385248184204, 10.221395492553711, 10.256649255752563, 10.295271873474121, 10.337647199630737, 10.384993553161621, 10.438588857650757, 10.497655868530273, 10.56159496307373, 10.631239414215088, 10.706849098205566, 10.785964727401733, 10.86577296257019, 10.94697117805481, 11.029291152954102, 11.113225221633911], "loss": [0.18819355964660645, 0.17121601104736328, 0.16307374835014343, 0.15703023970127106, 0.15042191743850708, 0.14399443566799164, 0.13884766399860382, 0.13510918617248535, 0.13190706074237823, 0.1287710815668106, 0.12600983679294586, 0.12375320494174957, 0.12178359925746918, 0.11990771442651749, 0.11805754154920578, 0.11625303328037262, 0.11453262716531754, 0.11289247125387192, 0.11134343594312668, 0.10994694381952286, 0.10866982489824295, 0.10741390287876129, 0.10617563873529434, 0.10500193387269974, 0.10391250997781754, 0.10290740430355072, 0.10197397321462631, 0.10108540952205658, 0.1002311259508133, 0.09942395985126495, 0.09866511821746826, 0.0979301705956459, 0.097198486328125, 0.09647195786237717, 0.09575501829385757, 0.09502993524074554, 0.09426164627075195, 0.09342708438634872, 0.09251991659402847, 0.09151677042245865, 0.0903942808508873, 0.08917319774627686, 0.08786994963884354, 0.08647210150957108, 0.08497968316078186, 0.08344560861587524, 0.08192618191242218, 0.08040867000818253, 0.07889889180660248, 0.07738867402076721]}