{"psnr": [4.308273196220398, 4.5770591497421265, 4.780934453010559, 4.964820146560669, 5.127114653587341, 5.2596646547317505, 5.3699469566345215, 5.4636043310165405, 5.546066164970398, 5.6206214427948, 5.689100623130798, 5.7558101415634155, 5.822950601577759, 5.886855125427246, 5.945957899093628, 6.002869009971619, 6.059434413909912, 6.117516756057739, 6.179274916648865, 6.241740584373474, 6.301742196083069, 6.360580921173096, 6.4189910888671875, 6.476032137870789, 6.5320950746536255, 6.587720513343811, 6.642526984214783, 6.696068048477173, 6.748533248901367, 6.799868941307068, 6.849187016487122, 6.896076202392578, 6.941357851028442, 6.986013054847717, 7.030100226402283, 7.072967290878296, 7.114052176475525, 7.153407335281372, 7.191572785377502, 7.228941321372986, 7.265462279319763, 7.3008328676223755, 7.334728837013245, 7.367100119590759, 7.3982930183410645, 7.428715825080872, 7.458594441413879, 7.488104701042175, 7.517532706260681, 7.547409534454346], "loss": [0.3708280920982361, 0.3485732674598694, 0.33258798718452454, 0.3187997341156006, 0.3071061372756958, 0.2978746294975281, 0.290405809879303, 0.2842101454734802, 0.2788645327091217, 0.27411821484565735, 0.26982977986335754, 0.2657167613506317, 0.2616405189037323, 0.25781869888305664, 0.25433382391929626, 0.2510227560997009, 0.24777449667453766, 0.2444828301668167, 0.2410307675600052, 0.2375887781381607, 0.23432880640029907, 0.2311755269765854, 0.2280871868133545, 0.22511103749275208, 0.22222375869750977, 0.21939560770988464, 0.216644287109375, 0.21398983895778656, 0.21142026782035828, 0.20893594622612, 0.2065766602754593, 0.20435833930969238, 0.20223869383335114, 0.2001698613166809, 0.19814813137054443, 0.19620190560817719, 0.1943545639514923, 0.1926013082265854, 0.19091616570949554, 0.1892804652452469, 0.1876954287290573, 0.1861729919910431, 0.18472562730312347, 0.18335381150245667, 0.18204161524772644, 0.1807708442211151, 0.17953146994113922, 0.178315669298172, 0.1771114617586136, 0.1758972555398941]}