{"psnr": [8.035314083099365, 8.587353229522705, 9.025698900222778, 9.382190108299255, 9.717008471488953, 10.033607482910156, 10.300918817520142, 10.518453121185303, 10.714901685714722, 10.911128520965576, 11.10943078994751, 11.299978494644165, 11.470396518707275, 11.622530221939087, 11.776679754257202, 11.942752599716187, 12.108513116836548, 12.258965969085693, 12.396160364151001, 12.53534197807312, 12.683608531951904, 12.833782434463501, 12.97818899154663, 13.118990659713745, 13.263154029846191, 13.414008617401123, 13.569642305374146, 13.72551679611206, 13.877512216567993, 14.023681879043579, 14.16383147239685, 14.29800271987915, 14.426339864730835, 14.549499750137329, 14.668467044830322, 14.783985614776611, 14.89641547203064, 15.006184577941895, 15.113605260848999, 15.218193531036377, 15.319170951843262, 15.416756868362427, 15.512192249298096, 15.606269836425781, 15.698148012161255, 15.78609585762024, 15.869338512420654, 15.948562622070312, 16.024460792541504, 16.096796989440918], "loss": [0.15720582008361816, 0.13844095170497894, 0.12514980137348175, 0.1152871698141098, 0.10673308372497559, 0.09922914206981659, 0.09330569207668304, 0.08874721080064774, 0.08482227474451065, 0.0810750350356102, 0.07745633274316788, 0.07413139194250107, 0.07127878069877625, 0.0688251256942749, 0.06642507016658783, 0.06393294781446457, 0.06153876334428787, 0.059443362057209015, 0.057594895362854004, 0.05577836558222771, 0.05390624701976776, 0.05207410082221031, 0.05037105828523636, 0.0487641803920269, 0.047172024846076965, 0.045561619102954865, 0.043957773596048355, 0.0424080453813076, 0.040949512273073196, 0.039594221860170364, 0.038336899131536484, 0.03717061132192612, 0.03608826920390129, 0.035079225897789, 0.03413133695721626, 0.033235449343919754, 0.032386090606451035, 0.031577784568071365, 0.030806289985775948, 0.030073268339037895, 0.02938210405409336, 0.028729259967803955, 0.028104819357395172, 0.027502555400133133, 0.026926828548312187, 0.026387028396129608, 0.02588607370853424, 0.02541813999414444, 0.02497778832912445, 0.0245651975274086]}