{"psnr": [7.976963520050049, 8.371279835700989, 8.662611246109009, 8.883346915245056, 9.085160493850708, 9.288880825042725, 9.489722847938538, 9.689765572547913, 9.890390038490295, 10.083816051483154, 10.257976055145264, 10.404478311538696, 10.533571243286133, 10.666248798370361, 10.809946060180664, 10.956770181655884, 11.097456216812134, 11.229898929595947, 11.354213953018188, 11.468993425369263, 11.57569169998169, 11.679645776748657, 11.78503155708313, 11.892622709274292, 12.001317739486694, 12.109947204589844, 12.216922044754028, 12.319706678390503, 12.416045665740967, 12.505743503570557, 12.590188980102539, 12.670261859893799, 12.745704650878906, 12.81603455543518, 12.880849838256836, 12.939636707305908, 12.99242377281189, 13.040245771408081, 13.084496259689331, 13.126065731048584, 13.165409564971924, 13.203541040420532, 13.242231607437134, 13.283506631851196, 13.32852840423584, 13.37748408317566, 13.428362607955933, 13.476756811141968, 13.521685600280762, 13.568700551986694], "loss": [0.15933223068714142, 0.14550301432609558, 0.1360626369714737, 0.12931987643241882, 0.123447947204113, 0.11779093742370605, 0.1124676838517189, 0.10740474611520767, 0.10255597531795502, 0.09808856248855591, 0.09423287212848663, 0.0911070927977562, 0.08843880146741867, 0.08577782660722733, 0.08298609405755997, 0.08022744208574295, 0.07767017930746078, 0.07533732801675797, 0.07321137189865112, 0.07130183279514313, 0.06957141309976578, 0.06792590767145157, 0.06629744917154312, 0.06467518210411072, 0.06307657808065414, 0.06151843070983887, 0.06002162769436836, 0.058617789298295975, 0.05733177438378334, 0.05615980178117752, 0.05507836863398552, 0.05407217890024185, 0.053140971809625626, 0.05228734016418457, 0.05151277780532837, 0.05082019045948982, 0.05020622909069061, 0.04965642839670181, 0.049153029918670654, 0.04868480935692787, 0.04824574664235115, 0.04782399535179138, 0.047399844974279404, 0.04695148020982742, 0.04646727070212364, 0.04594641551375389, 0.04541127756237984, 0.0449080616235733, 0.04444586858153343, 0.04396730661392212]}