{"psnr": [9.517405033111572, 10.122618675231934, 10.69962739944458, 11.278969049453735, 11.814049482345581, 12.254021167755127, 12.600804567337036, 12.89603590965271, 13.153584003448486, 13.370941877365112, 13.558018207550049, 13.733937740325928, 13.917198181152344, 14.105165004730225, 14.275469779968262, 14.423589706420898, 14.565427303314209, 14.707396030426025, 14.845960140228271, 14.980655908584595, 15.115939378738403, 15.254446268081665, 15.391547679901123, 15.516774654388428, 15.625184774398804, 15.725810527801514, 15.829907655715942, 15.935591459274292, 16.033965349197388, 16.122554540634155, 16.20611548423767, 16.288777589797974, 16.37001872062683, 16.44688844680786, 16.517571210861206, 16.582781076431274, 16.644667387008667, 16.704808473587036, 16.76321268081665, 16.8189537525177, 16.87139868736267, 16.920690536499023, 16.967227458953857, 17.011117935180664, 17.052325010299683, 17.091119289398193, 17.128177881240845, 17.16425895690918, 17.199822664260864, 17.234944105148315], "loss": [0.11175308376550674, 0.09721608459949493, 0.08512110263109207, 0.07449088990688324, 0.0658559575676918, 0.05951109156012535, 0.05494392290711403, 0.0513329841196537, 0.04837729036808014, 0.046015676110982895, 0.04407559707760811, 0.04232591390609741, 0.04057702794671059, 0.03885827586054802, 0.037363968789577484, 0.036111123859882355, 0.03495081141591072, 0.033826760947704315, 0.032764535397291183, 0.031763941049575806, 0.030789745971560478, 0.02982328273355961, 0.028896497562527657, 0.028075184673070908, 0.027383027598261833, 0.026755865663290024, 0.026122169569134712, 0.02549416944384575, 0.024923177435994148, 0.024419937282800674, 0.023954570293426514, 0.02350294217467308, 0.023067375645041466, 0.022662678733468056, 0.02229681797325611, 0.021964525803923607, 0.021653758361935616, 0.021355967968702316, 0.0210706889629364, 0.020801978185772896, 0.02055228501558304, 0.020320339128375053, 0.020103760063648224, 0.019901610910892487, 0.019713670015335083, 0.019538361579179764, 0.01937234401702881, 0.019212067127227783, 0.01905539073050022, 0.018901905044913292]}