{"psnr": [13.466796875, 14.425586462020874, 15.079760551452637, 15.595381259918213, 16.11476182937622, 16.688096523284912, 17.2981595993042, 17.873589992523193, 18.397737741470337, 18.902723789215088, 19.37778115272522, 19.796698093414307, 20.152342319488525, 20.461242198944092, 20.742688179016113, 20.99729299545288, 21.216976642608643, 21.39155387878418, 21.523118019104004, 21.620116233825684, 21.691389083862305, 21.744494438171387, 21.784627437591553, 21.81461811065674, 21.836440563201904, 21.85246229171753, 21.865839958190918, 21.880335807800293, 21.899282932281494, 21.92279815673828, 21.944584846496582, 21.959269046783447, 21.981332302093506, 22.02057123184204, 22.058377265930176, 22.0904541015625, 22.129409313201904, 22.17637538909912, 22.221434116363525, 22.268426418304443, 22.325093746185303, 22.378618717193604, 22.428884506225586, 22.486741542816162, 22.546565532684326, 22.607882022857666, 22.67756462097168, 22.74282455444336, 22.808876037597656, 22.875957489013672], "loss": [0.045011185109615326, 0.03609452396631241, 0.031047310680150986, 0.027571596205234528, 0.024463793262839317, 0.021438300609588623, 0.018628761172294617, 0.01631702110171318, 0.014461931772530079, 0.012874419800937176, 0.011540425941348076, 0.010479249060153961, 0.0096553023904562, 0.008992405608296394, 0.008428131230175495, 0.007948232814669609, 0.007556180004030466, 0.00725845992565155, 0.007041873410344124, 0.006886339280754328, 0.00677424855530262, 0.006691919639706612, 0.006630362942814827, 0.006584733724594116, 0.00655172998085618, 0.006527604069560766, 0.006507525686174631, 0.006485840771347284, 0.006457607261836529, 0.006422738078981638, 0.006390599999576807, 0.006369027309119701, 0.0063367546536028385, 0.006279758643358946, 0.006225327495485544, 0.006179517135024071, 0.006124336272478104, 0.006058462895452976, 0.0059959315694868565, 0.005931404419243336, 0.005854513496160507, 0.005782799795269966, 0.005716252606362104, 0.005640608724206686, 0.005563440266996622, 0.005485443864017725, 0.005398132838308811, 0.005317622795701027, 0.0052373590879142284, 0.005157085135579109]}