{"psnr": [11.2044095993042, 12.06281065940857, 12.75115966796875, 13.28864336013794, 13.76652717590332, 14.212257862091064, 14.624269008636475, 15.008400678634644, 15.375287532806396, 15.722976922988892, 16.038285493850708, 16.330748796463013, 16.623153686523438, 16.91717267036438, 17.19650387763977, 17.450920343399048, 17.686772346496582, 17.91412591934204, 18.135324716567993, 18.349637985229492, 18.558403253555298, 18.76204013824463, 18.961411714553833, 19.160858392715454, 19.357078075408936, 19.53651785850525, 19.69059467315674, 19.82276439666748, 19.94096875190735, 20.049145221710205, 20.145576000213623, 20.227065086364746, 20.294504165649414, 20.354111194610596, 20.412940979003906, 20.474858283996582, 20.54137945175171, 20.613842010498047, 20.69267511367798, 20.774519443511963, 20.851283073425293, 20.918643474578857, 20.989840030670166, 21.085081100463867, 21.19779348373413, 21.303694248199463, 21.402499675750732, 21.51365041732788, 21.648569107055664, 21.79926633834839], "loss": [0.07578078657388687, 0.06218975782394409, 0.05307426303625107, 0.046895988285541534, 0.04200948029756546, 0.03791177645325661, 0.034480467438697815, 0.03156166523694992, 0.029004888609051704, 0.026773324236273766, 0.02489839494228363, 0.02327689714729786, 0.021761292591691017, 0.020336803048849106, 0.01906995289027691, 0.017984896898269653, 0.017034241929650307, 0.016165435314178467, 0.015362699516117573, 0.014622986316680908, 0.013936691917479038, 0.013298292644321918, 0.012701612897217274, 0.012131491675972939, 0.011595573276281357, 0.011126235127449036, 0.010738424025475979, 0.010416540317237377, 0.010136852972209454, 0.00988747924566269, 0.009670359082520008, 0.009490594267845154, 0.009344358928501606, 0.009216987527906895, 0.009092969819903374, 0.008964259177446365, 0.00882799457758665, 0.008681918494403362, 0.00852575246244669, 0.008366581983864307, 0.008220000192523003, 0.008093487471342087, 0.007961887866258621, 0.007789183873683214, 0.007589629851281643, 0.007406800054013729, 0.007240189705044031, 0.007057239767163992, 0.006841370370239019, 0.006608052644878626]}